﻿<?xml version="1.0" encoding="utf-8"?>
<bcaster autoPlayTime="3">
<item item_url="images/01.jpg" link="http://www.ijavascript.cn" itemtitle="广告创意01"></item>
<item item_url="images/02.jpg" link="http://www.ijavascript.cn" itemtitle="广告创意02"></item>
<item item_url="images/03.jpg" link="http://www.ijavascript.cn" itemtitle="广告创意03"></item>
<item item_url="images/04.jpg" link="http://www.ijavascript.cn" itemtitle="广告创意03"></item>
<item item_url="images/05.jpg" link="http://www.ijavascript.cn" itemtitle="广告创意03"></item>
</bcaster>