<?xml version="1.0" encoding="UTF-8"?>
<beans xmlns="http://www.springframework.org/schema/beans"
	xmlns:xsi="http://www.w3.org/2001/XMLSchema-instance" xmlns:aop="http://www.springframework.org/schema/aop"
	xmlns:context="http://www.springframework.org/schema/context" xmlns:tx="http://www.springframework.org/schema/tx"
	xsi:schemaLocation="http://www.springframework.org/schema/beans
       					   http://www.springframework.org/schema/beans/spring-beans-3.0.xsd
        				   http://www.springframework.org/schema/aop
           				   http://www.springframework.org/schema/aop/spring-aop-3.0.xsd
			               http://www.springframework.org/schema/context
			               http://www.springframework.org/schema/context/spring-context-3.0.xsd
			               http://www.springframework.org/schema/tx
			               http://www.springframework.org/schema/tx/spring-tx-3.0.xsd">
	
	<!-- 加入spring任务调度模块 -->
	<import resource="quartz_jobs.xml"/>
	<!-- 读取属性，为下面配置数据源提供方便 -->
	<context:property-placeholder location="classpath:init.properties"/>
	<context:component-scan base-package="cn.yijie.artware" />
	
	 <!-- 配置数据源，连接池使用c3p0,详细信息参见hibernate官方文档"基础配置章节" -->
	 <bean id="dataSource" class="com.mchange.v2.c3p0.ComboPooledDataSource" destroy-method="close">
        <!-- 链接数据库所需驱动 -->
	    <property name="driverClass" value="${datasource.driverClassName}"/>
	    <!-- 链接数据库的url -->
	    <property name="jdbcUrl" value="${datasource.url}"/>
	    <!-- 链接数据库用户名 -->
	    <property name="user" value="${datasource.username}"/>
	    <!-- 链接数据库密码 -->
	    <property name="password" value="${datasource.password}"/>
	    <!-- 当连接池中的链接耗尽时c3p0一次同时获得的链接是,默认为 3 -->
	    <property name="acquireIncrement" value="${c3p0.acquireIncrement}"/>
	    <!-- 初始化时一次获得3个连接池取值在minPoolSize和maxPoolSize之间,默认为 3 -->
	    <property name="initialPoolSize" value ="${c3p0.initialPoolSize}"/>
	    <!-- 连接池中保留的最小连接数,默认为 15 -->
	    <property name="minPoolSize" value = "${c3p0.minPoolSize}"/>
	    <!-- 连接池中保留的最大连接数,默认为 15 -->
	    <property name="maxPoolSize" value ="${c3p0.maxPoolSize}"/>
	    <!-- 最大空闲时间,60秒未使用则连接池被丢弃，若为0则永远不丢弃,默认为 0 -->
	    <property name="maxIdleTime" value ="${c3p0.maxIdleTime}"/>
	    <!-- 每秒检查连接池中的空闲链接数，默认为 0 -->
		<property name="idleConnectionTestPeriod" value = "${c3p0.idleConnectionTestPeriod}"/>
		<!-- JDBC的标准参数，用于控制数据源内加载的PreparedStatements的数量 但由于缓存中的Statemnts属于单个的connection而不是整个的连接池,所以设置 
			这个参数需要考虑多方面的因素，如果maxStatements为0怎连接池被关闭，默认为 0 -->
		<property name="maxStatements" value ="${c3p0.maxStatements}"/>
		<!-- c3p0为异步操作，缓存的JDBC通过帮助进程来完成,扩展这些操作有利于提高系统功能， 通过线程实行多个操作同时被执行 -->
		<property name="numHelperThreads" value ="${c3p0.numHelperThreads}"/>
	</bean>
	<!-- 配置Hibernate中的SessionFactory -->
	<bean id="sessionFactory"
		class="org.springframework.orm.hibernate3.annotation.AnnotationSessionFactoryBean">
		<!-- 引入数据源 -->
		<property name="dataSource" ref="dataSource" />
		<!-- 配置Hibernate对应的映射资源 -->
		<property name="packagesToScan" value="cn.yijie.artware.entity" />
		<!-- 配置Hibernate的属性，包括断言(方言)，show_sql等 -->
		<property name="hibernateProperties">
			<props>
				<prop key="hibernate.dialect">${hibernate.dialect}</prop>
				<prop key="hibernate.jdbc.fetch_size">${hibernate.jdbc.fetch_size}</prop>
				<prop key="hibernate.jdbc.batch_size">${hibernate.jdbc.batch_size}</prop>
				<prop key="hibernate.connection.release_mode">${hibernate.connection.release_mode}</prop>
				<prop key="hibernate.show_sql">${hibernate.show_sql}</prop>
				<prop key="hibernate.format_sql">${hibernate.format_sql}</prop>
				<prop key="hibernate.hbm2ddl.auto">${hibernate.hbm2ddl.auto}</prop>
			</props>
		</property>
	</bean> 
	<bean id="hibernateTemplate" class="org.springframework.orm.hibernate3.HibernateTemplate">
		<property name="sessionFactory" ref="sessionFactory"></property>
	</bean> 
	<!--事务管理	
		定义了一些用来让应用服务器管理事务的方法-->
	<bean id="transactionManager"
		class="org.springframework.orm.hibernate3.HibernateTransactionManager">
		<property name="sessionFactory">
			<ref local="sessionFactory" />
		</property>
	</bean>
	<tx:advice id="txAdvice" transaction-manager="transactionManager">
		<tx:attributes>
			<tx:method name="do*" propagation="REQUIRED" />
			<tx:method name="find*" propagation="REQUIRED" read-only="true"/>
			<tx:method name="*" propagation="REQUIRED" />
		</tx:attributes>
	</tx:advice>
	<!-- 切面和切点的配置，有关信息参见spring的官方文档(2.3.面向切面编程(AOP)章节和以前发给同学们的spring五种配置方式word文档，具体含义和考试管理平台
		中spring架构的配置一样) -->
	<aop:config>
		<aop:pointcut id="allManagerMethod" expression="execution(* cn.yijie.artware.serviceimpl.*.*(..))" />
		<aop:advisor advice-ref="txAdvice" pointcut-ref="allManagerMethod" />
	</aop:config> 
	
</beans>