<?xml version="1.0" encoding="UTF-8"?>
<beans xmlns="http://www.springframework.org/schema/beans"
	xmlns:xsi="http://www.w3.org/2001/XMLSchema-instance"
	xsi:schemaLocation="http://www.springframework.org/schema/beans
       					   http://www.springframework.org/schema/beans/spring-beans-3.0.xsd">
     
     
     <!-- 调度1 -->  					   
	<bean id="dailyStaticJob" class="cn.yijie.artware.job.DailyHotArtWareStatisJob">
		<property name="hotArtWareSataicService" ref="hotArtWareSataicService"></property>
	</bean>
	
	<!-- 调度1 -->
	<bean id="dailyStaticTack" class="org.springframework.scheduling.quartz.MethodInvokingJobDetailFactoryBean">
		<property name="targetObject" ref="dailyStaticJob"></property>
		<!-- 调用类中的方法 -->
		<property name="targetMethod" value="work"></property>
	</bean>
	
	<!-- 调度1 -->
	<!-- 定义触发时间 -->
	<bean id="dailyStaticTime" class="org.springframework.scheduling.quartz.CronTriggerBean">
		<property name="jobDetail" ref = "dailyStaticTack"></property>
		<!-- cron表达式 -->
		<property name="cronExpression">
			<value> 20 40 14 ? * *</value>
		</property>
	</bean>
	
	
	<!-- 任务2工具类 -->
     <bean id = "artWareDailyStaticXMLDataUtil" class="cn.yijie.artware.utils.ArtWareDailyStaticXMLDataUtil"></bean>
	<!-- 调度2 -->  					   
	<bean id="createXMLFileJob" class="cn.yijie.artware.job.CreateMyFrontFlashXMLDataJob">
		<property name="hotArtWareSataicService" ref="hotArtWareSataicService"></property>
		<property name="artWareDailyStaticXMLDataUtil" ref="artWareDailyStaticXMLDataUtil"></property>
	</bean>
	
	<!-- 调度2 -->
	<bean id="createXMLTask" class="org.springframework.scheduling.quartz.MethodInvokingJobDetailFactoryBean">
		<property name="targetObject" ref="createXMLFileJob"></property>
		<!-- 调用类中的方法 -->
		<property name="targetMethod" value="work"></property>
	</bean>
	<!-- 调度2 -->
	<!-- 定义触发时间 -->
	<bean id="creawteXmlTime" class="org.springframework.scheduling.quartz.CronTriggerBean">
		<property name="jobDetail" ref = "createXMLTask"></property>
		<!-- cron表达式 -->
		<property name="cronExpression">
			<value> 40 15 15 ? * *</value>
		</property>
	</bean>
	
	
	<!-- 总调度器 -->
	<!-- 总管理类 如果将lazy-init='false'那么容器启动就会执行调度程序 -->
	<bean id="startQuertz" lazy-init="false" autowire="no"
		class="org.springframework.scheduling.quartz.SchedulerFactoryBean">
		<property name="triggers">
			<list>
				<ref bean="dailyStaticTime" />
				<ref bean="creawteXmlTime" />
			</list>
		</property>
	</bean>

</beans>