<?xml version="1.0" encoding="UTF-8" ?>
<!DOCTYPE struts PUBLIC "-//Apache Software Foundation//DTD Struts Configuration 2.1//EN" 
			"http://struts.apache.org/dtds/struts-2.1.dtd">
			
<struts>
	<package name="cn.yijie.artware.entity.news" extends="struts-default" namespace="/admin">
		<!-- 显示所有的新闻 -->
		<action name="listAllNewsAction" class="newsManagerAction" >
			<result>/admin/listNews.jsp</result>
		</action>
		<!-- 通过id查询新闻 -->
		<action name="listNewsByIdAction" class="newsManagerAction" method ="listById" >
			<result>/admin/listNewsById.jsp</result>
		</action>
		<!-- 通过id删除新闻 -->
		<action name="deleteNewsByIdAction" class="newsManagerAction" method ="deleteById" >
			<result type ="chain">listAllNewsAction</result>
		</action>
		<!-- 添加新闻 -->
		<action name="addNewsAction" class="newsManagerAction" method ="addNews" >
			<result type ="chain">listAllNewsAction</result>
		</action>
		<!-- 跳转到修改新闻页面 -->
		<action name="moveToModifyNewsPageAction" class="newsManagerAction" method ="moveToModifyNewsPage" >
			<result>/admin/modifyNews.jsp</result>
		</action>
		<!-- 更新新闻页面 -->
		<action name="modifyNewsPageAction" class="newsManagerAction" method ="updateNews" >
			<result type ="chain">listAllNewsAction</result>
		</action>
		<!-- 关键字搜索新闻-->
		<action name="findNewsByLikeAction" class="newsManagerAction" method ="findByLike" >
			<result>/admin/listNewsByLike.jsp</result>
		</action>
	</package>
</struts>    
