<?xml version="1.0" encoding="UTF-8" ?>
<!DOCTYPE struts PUBLIC "-//Apache Software Foundation//DTD Struts Configuration 2.1//EN" 
			"http://struts.apache.org/dtds/struts-2.1.dtd">
			
<struts>
		
	
	<package name="cn.yijie.artware.entity.admin" extends="struts-default" namespace="/admin">
		
		<!-- 显示所有用户信息 -->
	 	<action name="showUsersAction" class ="userManagerAction" method ="showAllUsers">
	 		<result>/admin/showAllUsers.jsp</result>
	 	</action>
	 	
	 	<!-- 跳转到修改用户密码页面上去 -->
	 	<action name="adminGoToModifyUserPasswordPageAction" class ="userManagerAction" method ="adminGoToModifyUserPasswordPage">
	 		<result>/admin/modifyUserPassword.jsp</result>
	 	</action>
	 	
	 	<!-- 修改会员密码-->
	 	<action name="adminModifyUserPasswordAction" class ="userManagerAction" method ="adminModifyUserPassword">
	 		<result type ="chain">showUsersAction</result>
	 	</action>
	 	
	 	<action name="hello">
	 		<result>/admin/hello.jsp</result>
	 	</action>
	 </package>
</struts>    
