<?xml version="1.0" encoding="UTF-8" ?>
<!DOCTYPE struts PUBLIC "-//Apache Software Foundation//DTD Struts Configuration 2.1//EN" 
			"http://struts.apache.org/dtds/struts-2.1.dtd">
			
<struts>
	<package name="cn.yijie.artware.entity.comment" extends="struts-default" namespace="/admin">
		<!--通过工艺品id查询工艺品的评论  -->
		<action name="listCommentAction" class = "commentManagerAciton" method ="listComment">
			<result>/admin/listCommentByArtWare.jsp</result>
		</action>
		<!--删除工艺品对应的评论  -->
		<action name="deleteCommentAction" class = "commentManagerAciton" method ="deleteComment">
			<result type ="redirect">/admin/success.jsp</result>
		</action>
	 </package>
</struts>    
