<?xml version="1.0" encoding="UTF-8" ?>
<!DOCTYPE struts PUBLIC "-//Apache Software Foundation//DTD Struts Configuration 2.1//EN" 
			"http://struts.apache.org/dtds/struts-2.1.dtd">
			
<struts>
	<package name="cn.yijie.artware.entity.buy" extends="struts-default" namespace="/">
		
		<!--拦截器的配置  -->
		<interceptors>
			<interceptor name="UserLogin"  class="cn.yijie.artware.interceptors.UserLoginInterceptor"></interceptor>
			<!-- 自定义拦截器栈 --> 
			<interceptor-stack name="loginstack"> 
			    <interceptor-ref name="UserLogin"/> 
			   <interceptor-ref name="defaultStack" /> 
			</interceptor-stack> 
		</interceptors>
		
		<!--系统所用的拦截器栈名  --> 
    	<default-interceptor-ref name="loginstack"/> 
		
		<action name="buyAction" class ="buyArtWareAction">
			<result type ="redirect">/buyArtWare.jsp</result>
			<!-- 当用户还没登陆时跳转到登陆界面上去 -->
			<result name ="login">/login.jsp</result>
		</action>
		<action name="deleteCartItemAction" class ="buyArtWareAction" method="deleteCartItemInCart">
			<result>/buyArtWare.jsp</result>
			<!-- 当用户还没登陆时跳转到登陆界面上去 -->
			<result  name ="login">/login.jsp</result>
		</action>
		<action name="confirmMySalesOrderAction" class ="buyArtWareAction" method="confirmMyOrder">
			<result>/confirmOrder_success.jsp</result>
			<!-- 当用户还没登陆时跳转到登陆界面上去 -->
			<result name ="login">/login.jsp</result>
		</action>
		
	 </package>
</struts>    
