<?xml version="1.0" encoding="UTF-8" ?>
<!DOCTYPE struts PUBLIC "-//Apache Software Foundation//DTD Struts Configuration 2.1//EN" 
			"http://struts.apache.org/dtds/struts-2.1.dtd">
			
<struts>
	
	<package name="cn.yijie.artware.entity.message" extends="struts-default" namespace="/admin">
	 	
	 	<!-- 显示所有留言 -->
	 	<action name="listAllMessageAction" class ="messageManagerAction" method ="listAllMessage">
	 		<result>/admin/listMessage.jsp</result>
	 	</action>
	 	
	 	<!-- 删除留言 -->
	 	<action name="deleteMessageAction" class ="messageManagerAction" method ="deleteMessage">
	 		<result type ="chain">listAllMessageAction</result>
	 	</action>
	 	
	 	<!-- 管理员查看留言时,查看留言人信息 -->
	 	<action name ="showUserInfoByIdAction" class ="userManagerAction" method ="showUserById">
	 		<result>/admin/listUserById.jsp</result>
	 	</action>
	 	
	 	<action name="hello">
	 		<result>/admin/hello.jsp</result>
	 	</action>
	 </package>
</struts>    
