<?xml version="1.0" encoding="UTF-8" ?>
<!DOCTYPE struts PUBLIC "-//Apache Software Foundation//DTD Struts Configuration 2.1//EN" 
			"http://struts.apache.org/dtds/struts-2.1.dtd">
			
<struts>
	<!-- 开发模式 -->
	<constant name="struts.devMode" value="true"></constant>
	<!-- struts.i18n.encoding对于处理中文请求参数非常有用。对于获取中文请求参数，
		应该将该属性设置未gbk活db2312，当该参数为gbk时,
		相当于调用HttpServletRequest的setCharacterEncoding()  
	-->
	<constant name="strues.i18n.encoding" value="utf-8"></constant>
	<!--上传文件的缓冲路径  -->
	<constant name="struts.multipart.saveDir" value="D:\UPLOAD\"></constant>
	<!--会员信息管理 -->
	<include file="struts_UserManagerAction.xml"/>
	<!-- 管理员管理的部分简单信息如部分会员信息等 -->
	<include file="struts_AdminManagerAction.xml"/>
	<!-- 工艺品类别管理 -->
	<include file="struts_CategoryManagerAction.xml"></include>
	<!-- 工艺品管理 -->
	<include file="struts_ArtWareManagerAction.xml"></include>
	<!-- 订单管理 -->
	<include file="struts_SalesOrderManagerAction.xml"></include>
	<!-- 新闻管理 -->
	<include file="struts_NewsManagerAction.xml"></include>
	<!-- 工艺品评论相关的管理 -->
	<include file="struts_CommentManagerAction.xml"></include>
	<!-- 前台显示页面 -->
	<include file="struts_MyFrontShowAction.xml"></include>
	<!-- 购买工艺品部分 -->
	<include file="struts_BuyAction.xml"></include>
	<!-- 留言板管理 -->
	<include file="struts_MessageManagerAction.xml"></include>
</struts>