<?xml version="1.0" encoding="UTF-8" ?>
<!DOCTYPE struts PUBLIC "-//Apache Software Foundation//DTD Struts Configuration 2.1//EN" 
			"http://struts.apache.org/dtds/struts-2.1.dtd">
			
<struts>
	<package name="cn.yijie.artware.entity.User" extends="json-default" namespace="/">
		
		
		<!-- 会员注册 -->
	 	<action name="registAction" class="userManagerAction" method="registUser">
	 		<result type="redirect">/index.jsp</result>
	 	</action>
	 	<!-- 登录 -->
	 	<action name="loginAction" class="loginManagerAciton">
	 		<result name ="userLoginSuccess">/index.jsp</result>
	 		<result name ="adminLoginSuccess" type = "redirect">/admin/index.jsp</result>
	 		<result name ="login">/login.jsp</result>
	 	</action>
	 	<!-- 跳转到修改会员个人信息的页面 -->
	 	<action name="modifyUserInfoPage" class ="userManagerAction" method ="modifyUserInfoPage">
	 		<result>/WEB-INF/jsp/modifyUserInfo.jsp</result>
	 		<result name ="login">/login.jsp</result>
	 	</action>
	 	<!-- 修改会员个人信息 -->
	 	<action name="modifyUserInfoAction" class ="userManagerAction" method ="modifyUserInfo">
	 		<result name ="success" type="redirect">/index.jsp</result>
	 		<result name ="error">/error.jsp</result>
	 	</action>
	 	<!-- 退出登录 -->
	 	<action name="exitLoginAction" class ="userManagerAction" method ="exitLoginStatus">
	 		<result type ="redirect">/index.jsp</result>
	 	</action>
	 	
	 	<!-- 测试Action -->
	 	<action name="testAction" class ="cn.yijie.artware.action.TestAction">
	 		<result>/index.jsp</result>
	 	</action>
	 	
	 	<!-- 测试Action -->
	 	<action name="checkUserExistActin" class ="userManagerAction" method="checkUsernameExist" >
	 		<result type = "json">
	 			<param name="root">flagStr</param>
	 		</result>
	 	</action>
	 	
	 </package>
</struts>    
