<?xml version="1.0" encoding="UTF-8" ?>
<!DOCTYPE struts PUBLIC "-//Apache Software Foundation//DTD Struts Configuration 2.1//EN" 
			"http://struts.apache.org/dtds/struts-2.1.dtd">
			
<struts>
	<package name="cn.yijie.artware.entity.myfront" extends="struts-default" namespace="/">
		
		<!--拦截器的配置  -->
		<interceptors>
			<interceptor name="UserLoginInterceptor"  class="cn.yijie.artware.interceptors.UserLoginInterceptor"></interceptor>
		</interceptors>
		
		<!-- 显示特定数目的几个工艺品类别 -->
		<action name="listMyLimitNumCategoryAction" class ="myFrontShowAction" method ="listMyLimitNumCategory" >
			<result>/WEB-INF/jsp/listMyLimitCategory.jsp</result>
		</action>
		<!-- 显示最新的几件工艺品 -->
		<action name="listMyLatestArtWare" class ="myFrontShowAction" method ="listMyLatestArtWare" >
			<result>/WEB-INF/jsp/listMyLatestArtWare.jsp</result>
		</action>
		<!-- 通过Id查找工艺品 -->
		<action name="listArtWareById" class ="myFrontShowAction" method ="showArtWareById">
			<result>/WEB-INF/jsp/listArtWareById.jsp</result>
		</action>
		<!-- 通过类别Id查找工艺品 -->
		<action name="listArtWareByCategoryIdAction" class ="myFrontShowAction" method ="showArtWareByCategoryId">
			<result>/WEB-INF/jsp/listArtWareByCaegoryId.jsp</result>
			<result name = "error">/error.jsp</result>
		</action>
		<!-- 通过关键字keyWord查找工艺品 -->
		<action name="listArtWareBylikeAction" class ="myFrontShowAction" method ="showArtWareByLike">
			<result>/WEB-INF/jsp/listArtWareByLike.jsp</result>
		</action>
		<!-- 通过条件关键字和类别Id搜索工艺品 -->
		<action name="listArtWareByLikeAndCategoryIdAction" class ="myFrontShowAction" method ="showArtWareByLikeAndCategoryId">
			<result>/WEB-INF/jsp/listArtWareByLikeAndCategoryId.jsp</result>
			<result name = "error">/error.jsp</result>
		</action>
		<!-- 显示所有的工艺品 -->
		<action name="listAllArtWareAction" class ="myFrontShowAction" method ="showAllArtWare">
			<result>/WEB-INF/jsp/listAllArtWare.jsp</result>
		</action>
		<!-- 显示所有新闻 -->
		<action name="listAllNewsAction" class ="myFrontShowAction" method ="listAllNews">
			<result>/WEB-INF/jsp/listAllNews.jsp</result>
		</action>
		<!-- 通过id查找新闻 -->
		<action name="listNewsByIdAction" class ="myFrontShowAction" method ="listNewsById">
			<result>/WEB-INF/jsp/listNewsById.jsp</result>
		</action>
		<!-- 通过关键字查找新闻 -->
		<action name="listNewsByLikeAction" class ="myFrontShowAction" method ="listNewsByLike">
			<result>/WEB-INF/jsp/listNewsByLike.jsp</result>
		</action>
		<!-- 通过userId查询我的订单 -->
		<!-- <action name="listMySalesOrderAction" class ="myFrontShowAction" method ="listMySalesOrder">
			<result>/WEB-INF/jsp/listMySalesOrder.jsp</result>
		</action> -->
		<!-- 通过当期登录的会员，查询会员订购过的工艺品 -->
		<action name="listBuyedArtWareAction" class ="myFrontShowAction" method ="listBuyedArtWare">
			<result>/WEB-INF/jsp/listMySalesOrder.jsp</result>
			<result name ="login">/login.jsp</result>
			<interceptor-ref name="UserLoginInterceptor"></interceptor-ref>
			<interceptor-ref name="defaultStack"></interceptor-ref>
		</action>
		<!-- 通过当期登录的会员，对购买过的工艺品添加评论 -->
		<action name="addCommentAction" class ="myFrontShowAction" method ="addComment">
			<result type ="chain">listBuyedArtWareAction</result>
			<result name ="login">/login.jsp</result>
			<result name ="error">/error.jsp</result>
			<interceptor-ref name="UserLoginInterceptor"></interceptor-ref>
			<interceptor-ref name="defaultStack"></interceptor-ref>
		</action>
		<!-- 跳转到添加品论页面-->
		<action name="moveToAddCommentAction" class ="myFrontShowAction" method ="moveToAddCommentPage">
			<result>/WEB-INF/jsp/addComment.jsp</result>
			<result name ="login">/login.jsp</result>
			<interceptor-ref name="UserLoginInterceptor"></interceptor-ref>
			<interceptor-ref name="defaultStack"></interceptor-ref>
		</action>
		<!-- 显示品论页面-->
		<action name="listCommentByArtWareIdAction" class ="myFrontShowAction" method ="listCommentByArtWareId">
			<result>/WEB-INF/jsp/listCommentByArtWare.jsp</result>
			<result name ="login">/login.jsp</result>
			<interceptor-ref name="UserLoginInterceptor"></interceptor-ref>
			<interceptor-ref name="defaultStack"></interceptor-ref>
		</action>
		
		<!-- 查看我的购物车 -->
		<action name="showMyCartAction" class ="myFrontShowAction" method ="showMyCart" >
			<result>/buyArtWare.jsp</result>
			<result name ="login">/login.jsp</result>
			<interceptor-ref name="UserLoginInterceptor"></interceptor-ref>
			<interceptor-ref name="defaultStack"></interceptor-ref>
		</action>
		
		<!-- 跳转到添加留言页面 -->
		<action name="gotoAddMessagePageAction" class ="myFrontShowAction" method ="gotoAddMessagePage">
			<result>/WEB-INF/jsp/addMessage.jsp</result>
			<result name ="login">/login.jsp</result>
		</action>
		
		<!-- 添加留言 -->
		<action name="addMessageAction" class="myFrontShowAction" method ="addMessage" >
			<result>/success.jsp</result>
			<result name ="login">/login.jsp</result>
			<result name ="input">/WEB-INF/jsp/addMessage.jsp</result>
		</action>
	 </package>
</struts>    
