<?xml version="1.0" encoding="UTF-8" ?>
<!DOCTYPE struts PUBLIC "-//Apache Software Foundation//DTD Struts Configuration 2.1//EN" 
			"http://struts.apache.org/dtds/struts-2.1.dtd">
			
<struts>
	<package name="cn.yijie.artware.entity.category" extends="struts-default" namespace="/admin">
		<!-- 显示所有的类别列表 -->
		<action name="listCategoryAction" class="categoryManagerAction" method="listAllCategories">
			<result>/admin/listCategory.jsp</result>
		</action>
		<!-- 跳转到修改类别页面 -->
		<action name="modifyCategoryPage" class ="categoryManagerAction" method ="moveToCategoryPage">
			<result>/admin/modifyCategory.jsp</result>
		</action>
		<!-- 修改类别 -->
		<action name="modifyCategoryAction" class ="categoryManagerAction" method ="modifyCategory">
			<result type="chain">listCategoryAction</result>
		</action>
		<action name="addCategoryAction" class ="categoryManagerAction" method ="addCategory">
			<result type="redirectAction">listCategoryAction</result>
		</action>
		<action name="deleteCategoryAction" class ="categoryManagerAction" method ="deleteCategory">
			<result type="chain">listCategoryAction</result>
		</action>
		<action name="searchCategoryAction" class ="categoryManagerAction" method ="searchCategory">
			<result>/admin/listSearchCategory.jsp</result>
		</action>
		<action name="hello">
			<result>/admin/hello.jsp</result>
		</action>
	 </package>
</struts>    
