<?xml version="1.0" encoding="UTF-8" ?>
<!DOCTYPE struts PUBLIC "-//Apache Software Foundation//DTD Struts Configuration 2.1//EN" 
			"http://struts.apache.org/dtds/struts-2.1.dtd">
			
<struts>
	
	<package name="cn.yijie.artware.entity.admin.order" extends="struts-default" namespace="/admin">
		<!--显示所有订单  -->
		<action name="listSalesOrderAction" class ="salesOrderManagerAction">
			<result>/admin/listSalesOrder.jsp</result>
		</action>
		<!--搜索订单  -->
		<action name="searchSalesOrderByLikeAction" class ="salesOrderManagerAction" method="searchByLike">
			<result>/admin/listSearchByLikeSalesOrder.jsp</result>
		</action>
		<!-- 通过Id删除订单 -->
		<action name="deleteSalesOrderByIdAction" class ="salesOrderManagerAction" method="deleteById">
			<result type ="chain">listSalesOrderAction</result>
		</action>
		<!-- 跳转到修改订单页面上去 -->
		<action name="moveToModifySalesOrderPage" class ="salesOrderManagerAction" method="moveToModifyPage">
			<result>/admin/modifySalesOrder.jsp</result>
			<result name ="error">/admin/error.jsp</result>
		</action>
		<!-- 更新订单 -->
		<action name="modifySalesOrderAction" class ="salesOrderManagerAction" method="modifySalesOrder">
			<result type ="chain">listSalesOrderAction</result>
		</action>
		<!-- 订单明细 -->
		<action name="showSalesOrderByIdAction" class ="salesOrderManagerAction" method="showSalesOrderById">
			<result>/admin/listDetailSalesOrder.jsp</result>
		</action>
	</package>
</struts>    
