<?xml version="1.0" encoding="UTF-8" ?>
<!DOCTYPE struts PUBLIC "-//Apache Software Foundation//DTD Struts Configuration 2.1//EN" 
			"http://struts.apache.org/dtds/struts-2.1.dtd">
			
<struts>
	<package name="cn.yijie.artware.entity.artware" extends="struts-default" namespace="/admin">
		<!-- 显示所有的类别列表 -->
		<!-- 显示所有的工艺品类别 -->
		<action name="listCategoryAction_artware" class="categoryManagerAction" method="listAllCategories">
			<result>/admin/listCategory.jsp</result>
		</action>
		<!-- 跳转到添加工艺品的页面 -->
		<action name="toAddArtWarePage" class ="artWareManagerAction" method ="moveToAddArtWarePage">
			<result>/admin/addArtWare.jsp</result>
			<result name ="error">/admin/error.jsp</result>
		</action>
		<!-- 添加工艺品 -->
		<action name="addArtWareAction" class ="artWareManagerAction" method ="addArtWare">
			<!-- 动态设置action的属性值 -->
			<param name="savePath">/upload</param>
			<result type = "chain">listCategoryAction_artware</result>
			<!-- 设置拦截器 -->
			<interceptor-ref name="fileUpload">
				<!-- 设置容许上传文件的大小  注意不能写成 1024*1000*10这种形式-->
				<param name="maximumSize">1024000</param>
				<!-- 设置容许上传文件的类型 -->
				<param name="allowedType">
					image/bmp,image/png,image/gif,image/jpeg
				</param>
			</interceptor-ref>
			<!-- 配置系统默认拦截器 -->
			<interceptor-ref name="defaultStack"></interceptor-ref>
			<result name = "input">/admin/addArtWare.jsp</result>
		</action>
		<!-- 显示所有的工艺品 -->
		<action name="listArtWareAction" class ="artWareManagerAction" method ="listArtWare">
			<result>/admin/listArtWare.jsp</result>
		</action>
		
		<!-- 通过类别编号显示工艺品 -->
		<action name="searchArtWareByCategoryIdAction" class ="artWareManagerAction" method ="showArtWareByCategoryId" >
			<result>/admin/listArtWareByCategotyId.jsp</result>
		</action>
		
		<!-- 批量删除 -->
		<action name="betchDeleteArtWareAction" class ="artWareManagerAction" method ="deleteBetchArtWare">
			<result type = "redirectAction">listArtWareAction</result>
		</action>
		<!-- 通过Id查找对应的工艺品 -->
		<action name="showArtWareByIdAction" class ="artWareManagerAction" method ="showArtWareById">
			<result>/admin/listArtWareById.jsp</result>
		</action>
		<!-- 通过工艺品Id查找到相应的工艺品，并跳转到修改工艺品基本信息页面上去 -->
		<action name="moveToModifyArtWarePage" class ="artWareManagerAction" method ="moveToModifyPage">
			<result>/admin/modifyArtWare.jsp</result>
		</action>
		<!-- 修改工艺品普通信息 -->
		<action name="modifyArtWareAction" class ="artWareManagerAction" method ="modifyArtWare">
			<result type = "redirectAction">listArtWareAction</result>
		</action>
		<!-- 跳转到添加工艺品普通图片页面上去 -->
		<action name="moveToAddCommonPicPageAction" class ="artWareManagerAction" method ="moveToAddCommonPicPage">
			<result>/admin/addCommonPic.jsp</result>
		</action>
		<!-- 添加工艺品普通图片 -->
		<action name="addCommonPicAction" class ="artWareManagerAction" method ="addCommonPic">
			<param name="savePath">/upload</param>
			<result type = "redirectAction">listArtWareAction</result>
			<result name ="input">/admin/addCommonPic.jsp</result>
		</action>
		<!-- 修改工艺品主图片 -->
		<action name="modifyMainPicAction" class ="artWareManagerAction" method ="modifyMainPic">
			<param name="savePath">/upload</param>
			<result type ="chain">showArtWareByIdAction</result>
		</action>
		
		<!-- 删除普通图片 -->
		<action name="deleteCommonPicAction" class ="artWareManagerAction" method ="deleteCommonPic">
			<result type ="chain">showArtWareByIdAction</result>
		</action>
		
	 </package>
</struts>    
